variant,profile,mb,utf8Bytes,p50Ms,p95Ms,importMs,rssPeakMiB,heapUsedAfterGcMiB,wasmExternalAfterGcMiB,jsSampledAllocBytesPerCall,rawBytes,gzipBytes
typescript,mixed,1,1014682,0.25226,1.66418,0.419,54.613,5.27,1.622,898,570,345
rescript,mixed,1,1014682,0.26321,1.42594,0.428,55.2,5.27,1.622,0,564,334
rustwasm,mixed,1,1014682,0.9513,1.61126,1.502,54.523,5.29,5.374,0,17747,7394
typescript,mixed,5,5004618,1.24734,1.42612,0.461,59.951,10.508,1.622,410,570,345
rescript,mixed,5,5004618,1.28648,1.47396,0.456,59.397,10.508,1.622,896.5,564,334
rustwasm,mixed,5,5004618,4.52318,6.55999,1.514,69.029,10.527,15.874,0,17747,7394
typescript,dense,5,5002700,2.48393,2.72557,0.457,61.074,11.007,1.622,0,570,345
rescript,dense,5,5002700,2.76688,2.90885,0.479,60.561,11.007,1.622,0,564,334
rustwasm,dense,5,5002700,4.68142,5.76085,1.419,69.496,11.027,16.874,0,17747,7394
typescript,mixed,20,20001274,5.03258,6.6887,0.441,79.049,30.193,1.622,0,570,345
rescript,mixed,20,20001274,5.21877,5.56736,0.434,79.324,30.194,1.622,0,564,334
rustwasm,mixed,20,20001274,18.09578,18.26598,1.517,112.927,30.213,55.312,824.5,17747,7394
