profile,mb,variant,runs,p50Ms,p95Ms,speedupVsTypeScript,medianRssPeakMiB,medianRssDeltaLoadedMiB,medianPreloadMs,nativeAllocCallsPerScan,nativeAllocatedBytesPerScan,v8SampledJsAllocBytesPerScan,rawBytes,gzipBytes
mixed,1,typescript,3,0.268102,0.465983,1,56.93,8.207,0,,,414,570,345
mixed,1,rust_native,3,0.072226,0.088736,3.712,2.922,0.977,,0,0,,349504,180845
mixed,1,wasm_fresh,3,0.936856,1.100783,0.286,55.313,8.336,0,,,0,20846,8389
mixed,1,wasm_cached,3,0.242986,0.450915,1.103,55.285,8.785,2.453,,,0,20846,8389
mixed,5,typescript,3,1.337928,1.383103,1,61.262,13.387,0,,,0,570,345
mixed,5,rust_native,3,0.384201,0.40566,3.482,6.723,4.777,,0,0,,349504,180845
mixed,5,wasm_fresh,3,4.585617,4.765243,0.292,69.43,22.785,0,,,0,20846,8389
mixed,5,wasm_cached,3,1.209307,1.657547,1.106,68.207,21.602,5.801,,,0,20846,8389
dense,5,typescript,3,2.36833,2.434073,1,61.77,14.04,0,,,1266,570,345
dense,5,rust_native,3,0.601497,0.615013,3.937,6.723,4.785,,0,0,,349504,180845
dense,5,wasm_fresh,3,4.797173,4.990986,0.494,69.902,23.254,0,,,0,20846,8389
dense,5,wasm_cached,3,1.444408,2.524102,1.64,68.641,21.906,6.507,,,414,20846,8389
ascii,5,typescript,3,1.779406,1.831994,1,64.988,16.508,0,,,0,570,345
ascii,5,rust_native,3,0.487644,0.503774,3.649,6.777,4.828,,0,0,,349504,180845
ascii,5,wasm_fresh,3,4.416308,4.495327,0.403,77.75,31.148,0,,,0,20846,8389
ascii,5,wasm_cached,3,1.272675,1.651727,1.398,71.715,25.063,7.252,,,414,20846,8389
mixed,20,typescript,3,5.37757,5.450417,1,92.949,33.176,0,,,0,570,345
mixed,20,rust_native,3,1.476938,1.530659,3.641,21.023,19.113,,0,0,,349504,180845
mixed,20,wasm_fresh,3,18.352612,18.443884,0.293,113.203,66.586,0,,,0,20846,8389
mixed,20,wasm_cached,3,4.796611,4.937606,1.121,116.422,69.852,20.659,,,0,20846,8389
